{"_wandb": {"runtime": 329}, "loss": 0.02168860286474228, "lr": 0.0001, "_timestamp": 1716795549.5207608, "_runtime": 2.8995747566223145, "_step": 0}