{"_wandb": {"runtime": 216}, "loss": 0.02168860286474228, "lr": 0.0001, "_timestamp": 1716795661.9237046, "_runtime": 2.8959405422210693, "_step": 0}