{"_wandb": {"runtime": 544}, "loss": 0.021612294018268585, "lr": 1.0, "_timestamp": 1716795334.328818, "_runtime": 3.4157721996307373, "_step": 1}