{"_wandb": {"runtime": 362}, "loss": 0.02168860286474228, "lr": 1.0, "_timestamp": 1716795516.0800219, "_runtime": 2.904655933380127, "_step": 0}