{"_wandb": {"runtime": 512}, "loss": 0.02168860286474228, "lr": 1.0, "_timestamp": 1716795366.4265735, "_runtime": 3.45378041267395, "_step": 1}